Client Name,Contact,Email,Amount Paid,Admission Date,End Date,Plan,Status,ASSIGNED TO,lead CRM status 
Pooja Devkate,919326487823,poojadevkate049@gmail.com,399,Jun 14 2026,Jul 15 2026,1 Month,Expired,Tejasswi K,Done
Swati Jangam,917038429612,jangamswati70@gmail.com,399,Jun 14 2026,Jul 15 2026,1 Month,Expired,Tejasswi K,Done
Manisha Awalakar,919970751068,awalkarmann22@gmail.com,399,Jun 15 2026,Jul 16 2026,1 Month,Expired,Tejasswi K,Done
Chaitali Jadhav,917218754621,chaitalijadhav2104@gmail.com,399,Jun 15 2026,Jul 16 2026,1 Month,Expired,Tejasswi K,Done
Rutuja sanman Kale,919096498292,rutujagarad1997@gmail.com,399,Jun 15 2026,Jul 16 2026,1 Month,Expired,Tejasswi K,Done
Vitthal Khutale,919130086162,vkhutale7657@gmail.com,399,Jun 15 2026,Jul 16 2026,1 Month,Expired,Tejasswi K,Done
Akshada Deobhankar,918097863168,padhyeakshada@gmail.com,399,Jun 15 2026,Jul 16 2026,1 Month,Expired,Tejasswi K,Done
Prajkta Mahankale,917249601034,prajum123@gmail.com,399,Jun 15 2026,Jul 16 2026,1 Month,Expired,Tejasswi K,Done
Smita Mane,917499293090,smitapatil2001sp@gmail.com,399,Jun 15 2026,Jul 16 2026,1 Month,Expired,Tejasswi K,Done
Abhilasha Lalsare,919579845916,joshiabhilasha5@gmail.com,399,Jun 15 2026,Jul 16 2026,1 Month,Expired,Tejasswi K,Done
KAVITA SARGAR,919870353625,sargarkavita1977@sagmail.com,399,Jun 15 2026,Jul 16 2026,1 Month,Expired,Tejasswi K,Done
Sanket Bartakke,918669023902,sanketbartakke3@gmail.com,399,Jun 15 2026,Jul 16 2026,1 Month,Expired,Tejasswi K,Done
vidya Gandhile,919561007217,vvgandhile@gmail.com,399,Jun 16 2026,Jul 17 2026,1 Month,Expired,Tejasswi K,Done
Vaishali Deore,919822252944,vaishalideore129@gmail.com,399,Jun 16 2026,Jul 17 2026,1 Month,Expired,Tejasswi K,Done
Divya Rane,918424003383,patildivya2298@gmail.com,399,Jun 16 2026,Jul 17 2026,1 Month,Expired,Tejasswi K,Done
Yogita Desale,919021003401,bhoiryogita3797@gmail.com,399,Jun 16 2026,Jul 17 2026,1 Month,Expired,Tejasswi K,Done
Rupali Maurya,919922998029,rupalinarendrasing@gmail.com,399,Jun 16 2026,Jul 17 2026,1 Month,Expired,Tejasswi K,Done
Saloni Kothari,918208808530,kotharisaloni90@gmail.com,399,Jun 16 2026,Jul 17 2026,1 Month,Expired,Tejasswi K,Done
Sayali Kadu,917757864107,sayaliacharyakadu@gmail.com,399,Jun 16 2026,Jul 17 2026,1 Month,Expired,Tejasswi K,Done
Vaishnavi Jadhav,919082813610,Jadhavvaish27@gmail.com,399,Jun 16 2026,Jul 17 2026,1 Month,Expired,Tejasswi K,Done
Seeta Potare,917219435748,seetav09@gmail.com,399,Jun 16 2026,Jul 17 2026,1 Month,Expired,Tejasswi K,Done
Pratiksha Jadhav,918208979486,pratikshasjadhav12@gmail.com,399,Jun 16 2026,Jul 17 2026,1 Month,Expired,Tejasswi K,Done
Namrata Shelke,918308090090,namratashelkepr@gmail.com,399,Jun 16 2026,Jul 17 2026,1 Month,Expired,Tejasswi K,Done
Pushpa Naik,919969572789,pushpanaik60@gmail.com,399,Jun 17 2026,Jul 18 2026,1 Month,Expired,Tejasswi K,Done
Neha Ghatge,918999219012,neha.ghatge04@gmail.com,399,Jun 17 2026,Jul 18 2026,1 Month,Expired,Tejasswi K,Done
Rashmi Ravindra Palande,919769733032,artim1506@gmail.com,399,Jun 17 2026,Jul 18 2026,1 Month,Expired,Tejasswi K,Done
Mayuri Mali,919607816010,waghmayuri565@gmail.com,399,Jun 17 2026,Jul 18 2026,1 Month,Expired,Tejasswi K,Done
Amruta 7875042088,917875042088,ami26jan1986@gmail.com,399,Jun 17 2026,Jul 18 2026,1 Month,Expired,Tejasswi K,Done
Shweta Achane,918625047672,achaneshweta8@gmail.com,399,Jun 17 2026,Jul 18 2026,1 Month,Expired,Tejasswi K,Done
Kavita Palve,917972264580,kavitapalve14@gmail.com,399,Jun 17 2026,Jul 18 2026,1 Month,Expired,Tejasswi K,Done
Maya Koli,919890630848,maya16121996@gmail.com,399,Jun 17 2026,Jul 18 2026,1 Month,Expired,Tejasswi K,Done
Revati Joshi,917744865778,revatiborgaonkar@gmail.com,399,Jun 17 2026,Jul 18 2026,1 Month,Expired,Tejasswi K,Done
Sneha Chavan,917045451107,snehachavan412@gmail.com,399,Jun 17 2026,Jul 18 2026,1 Month,Expired,Tejasswi K,Done
Gauri D,919028523635,gd11oct1989@gmail.com,399,Jun 17 2026,Jul 18 2026,1 Month,Expired,Tejasswi K,Done
Shraddha Dhanurdhari,917666777735,dhanurdharishraddha@gmail.com,399,Jun 18 2026,Jul 19 2026,1 Month,Expired,Tejasswi K,Done
Anuradha Chogale,919699303623,as6133863@gmail.com,399,Jun 18 2026,Jul 19 2026,1 Month,Expired,Tejasswi K,Done
Priyanka Jokhe,919823006673,priyankaschougule32@gmail.com,399,Jun 18 2026,Jul 19 2026,1 Month,Expired,Tejasswi K,Done
Shilpa Kadam,919860499649,shilpa.l.jadhav1990@gmail.com,399,Jun 18 2026,Jul 19 2026,1 Month,Expired,Tejasswi K,Done
Preeti Sagdeo,919822032018,preetisagdeo@gmail.com,399,Jun 18 2026,Jul 19 2026,1 Month,Expired,Tejasswi K,Done
Sukeshani Sontakke,919075955818,sukeshanisontakke23@gmail.com,399,Jun 18 2026,Jul 19 2026,1 Month,Expired,Tejasswi K,Done
Sujata Waghmode,917387980442,sjtwaghmode@gmail.com,399,Jun 18 2026,Jul 19 2026,1 Month,Expired,Tejasswi K,Done
Pranali wagaskar,918806151994,pranaliwagaskar20@gmail.com,399,Jun 18 2026,Jul 19 2026,1 Month,Expired,Tejasswi K,Done
Sandhya Deshpande,918788895029,Sandhyarajguru09@gmail.com,399,Jun 18 2026,Jul 19 2026,1 Month,Expired,Tejasswi K,Done
Snehal Kulkarni,919096900689,snehalvw@screwtechconveyors.com,399,Jun 18 2026,Jul 19 2026,1 Month,Expired,Tejasswi K,Done
Ashwini Patil,919767153791,ashu31shelar@gmail.com,399,Jun 19 2026,Jul 20 2026,1 Month,Expired,Tejasswi K,Done
Sayli Mane,917039605102,manesayli870@gmail.com,399,Jun 19 2026,Jul 20 2026,1 Month,Expired,Tejasswi K,Done
A Karale,919850104538,akarale107@gmail.com,399,Jun 19 2026,Jul 20 2026,1 Month,Expired,Tejasswi K,Done
Priyanka Kunjir,919921508383,priyanka8399@gmail.com,399,Jun 19 2026,Jul 20 2026,1 Month,Expired,Tejasswi K,Done
Shweta Shinde,918237291715,shindeshweta0411@gmail.com,399,Jun 19 2026,Jul 20 2026,1 Month,Expired,Tejasswi K,Done
Rutuja Karve,919833791712,karverutuja955@gmail.com,399,Jun 19 2026,Jul 20 2026,1 Month,Expired,Tejasswi K,Done
Priya Tawre,918983903011,Ppriu55@gmail.com,399,Jun 20 2026,Jul 21 2026,1 Month,Expired,Tejasswi K,Done
Bhagyashri Shamsundar Guttedhar,917276381220,bhagyashriguttedhar1220@gmail.com,399,Jun 20 2026,Jul 21 2026,1 Month,Expired,Tejasswi K,Done
Sujata Shendage,919112954590,shendagesujata86@gmail.com,399,Jun 20 2026,Jul 21 2026,1 Month,Expired,Tejasswi K,Done
Swapnil Benkar,919923257676,swapbenkar.7676@gmail.com,399,Jun 20 2026,Jul 21 2026,1 Month,Expired,Tejasswi K,Done
Priyanka Palve,918452090337,priyankapalve47@gmail.com,399,Jun 20 2026,Jul 21 2026,1 Month,Expired,Tejasswi K,Done
Sanvi Palav,918652652694,supriyahande7@gmail.com,399,Jun 21 2026,Jul 22 2026,1 Month,Expired,Tejasswi K,Done
Pratiksha Nikam,919130006515,pratikshan9598@gmail.com,399,Jun 21 2026,Jul 22 2026,1 Month,Expired,Tejasswi K,Done
Ketki Patil,918652627218,ketkipatil1295.kp@gmail.com,399,Jun 21 2026,Jul 22 2026,1 Month,Expired,Tejasswi K,Done
Saee Borate,919823572420,bhalerao_vru@yahoo.co.in,399,Jun 21 2026,Jul 22 2026,1 Month,Expired,Tejasswi K,Done
Rutuja Kulkarni,917028642959,rutu2098@gmail.com,399,Jun 21 2026,Jul 22 2026,1 Month,Expired,Tejasswi K,Done
Reshma Ahinave,919773507765,naikodi333@gmail.com,399,Jun 21 2026,Jul 22 2026,1 Month,Expired,Tejasswi K,Done
Ashwini Pednekar,919833735598,Wini.ash0905@gmail.com,399,Jun 21 2026,Jul 22 2026,1 Month,Expired,Tejasswi K,Done
Vishakha Lad,919167824550,vishakhalad6@gmail.com,399,Jun 21 2026,Jul 22 2026,1 Month,Expired,Tejasswi K,Done
Pooja Chavan,919011496336,Chavanpooja9595@gmail.com,399,Jun 21 2026,Jul 22 2026,1 Month,Expired,Tejasswi K,Done
Arati Vengurlekar,918830735472,vengurlekararati2@gmail.com,399,Jun 21 2026,Jul 22 2026,1 Month,Expired,Tejasswi K,Done
Janhavi ganesh vede,919665391932,janhavivede1995@gmail.com,399,Jun 22 2026,Jul 23 2026,1 Month,Expired,Tejasswi K,Done
Rajashree Jadhav,918421995971,rajeshreepisal3@gmail.com,399,Jun 22 2026,Jul 23 2026,1 Month,Expired,Tejasswi K,Done
Akanksha Jagadale,917350713665,akankshajagadale0185@gmail.com,399,Jun 22 2026,Jul 23 2026,1 Month,Expired,Tejasswi K,Done
Chanchal Shirke,918369163833,chnchlshirke3710@gmail.com,399,Jun 22 2026,Jul 23 2026,1 Month,Expired,Tejasswi K,Done
Uma Dombale,919881657990,umadombale@gmail.com,399,Jun 22 2026,Jul 23 2026,1 Month,Expired,Tejasswi K,Done
Prajakta Patil,918329537829,prajaktapatil07620@gmail.com,399,Jun 22 2026,Jul 23 2026,1 Month,Expired,Tejasswi K,Done
Sangeeta Mane,919892771175,Manesangita08@gmail.com,399,Jun 22 2026,Jul 23 2026,1 Month,Expired,Tejasswi K,Done
Dipali Garad,919834762558,dgarad12345@gmail.com,399,Jun 22 2026,Jul 23 2026,1 Month,Expired,Tejasswi K,Done
Manisha Rege,919167511725,manisharege2901@gmail.com,399,Jun 22 2026,Jul 23 2026,1 Month,Expired,Tejasswi K,Done
Akshada Bhavar,918983503052,akshada.bhavar10@gmail.com,399,Jun 23 2026,Jul 24 2026,1 Month,Expired,Tejasswi K,Done
Aparna Sheth,919819281459,aparna9101969@gmail.com,399,Jun 23 2026,Jul 24 2026,1 Month,Expired,Tejasswi K,Done
Shweta Kadam,917875872421,shweetachoure12661@gmail.com,399,Jun 23 2026,Jul 24 2026,1 Month,Expired,Tejasswi K,Done
Snehal Dhore,919209212744,snehal1619@gmail.com,399,Jun 23 2026,Jul 24 2026,1 Month,Expired,Tejasswi K,Done
Pooja Swami,919860202359,swamipooja14@gmail.com,399,Jun 23 2026,Jul 24 2026,1 Month,Expired,Tejasswi K,Done
Madhuri Khandve,919545941515,madhurinavale16@gmail.com,399,Jun 23 2026,Jul 24 2026,1 Month,Expired,Tejasswi K,Done
Pooja desai,917718856247,poojamarutidesai96@gmail.com,399,Jun 23 2026,Jul 24 2026,1 Month,Expired,Tejasswi K,Done
Tanuja Kale,919284523791,tanujakale92@gmail.com,399,Jun 23 2026,Jul 24 2026,1 Month,Expired,Tejasswi K,Done
Nilam Patil,919665607830,nilubhonde@gmail.com,399,Jun 23 2026,Jul 24 2026,1 Month,Expired,Tejasswi K,Done
Dnyaneshwari Shinde,918329440464,dnyaneshwarishinde90@gmail.com,399,Jun 23 2026,Jul 24 2026,1 Month,Expired,Tejasswi K,Done
Neha Breed,919819902807,nehaghag226@gmail.com,399,Jun 24 2026,Jul 25 2026,1 Month,Expired,Tejasswi K,Done
Ranuli Mule,917875766169,ranikale32@gmail.com,399,Jun 24 2026,Jul 25 2026,1 Month,Expired,Tejasswi K,Done
Shweta Raut,919011442122,shweta.shwetaraut@gmail.com,399,Jun 24 2026,Jul 25 2026,1 Month,Expired,Tejasswi K,Done
Renuka Walase,917744881210,rc.renukachatur@gmail.com,399,Jun 24 2026,Jul 25 2026,1 Month,Expired,Tejasswi K,Done
Vandana Thosar,919892564366,vandanathosar538@gmail.com,399,Jun 24 2026,Jul 25 2026,1 Month,Expired,Tejasswi K,Done
Akshta K,918308258448,akshtakawale77@gmail.com,399,Jun 24 2026,Jul 25 2026,1 Month,Expired,Tejasswi K,Done
Kajal Gajbhiye,918999069269,kgajbhiye773@gmail.com,399,Jun 24 2026,Jul 25 2026,1 Month,Expired,Tejasswi K,Done
Ankita Walse,918793502119,ankitamanjare21@gmail.com,399,Jun 24 2026,Jul 25 2026,1 Month,Expired,Tejasswi K,Done
Neelam More,919820022087,neelamm3232@gmail.com,399,Jun 25 2026,Jul 26 2026,1 Month,Expired,Tejasswi K,Done
Yogita Shinde,919405230400,yogitashinde217@gmail.com,399,Jun 25 2026,Jul 26 2026,1 Month,Expired,Tejasswi K,Done
Divya Gavali,918080606479,divyagavali3@gmail.com,399,Jun 25 2026,Jul 26 2026,1 Month,Expired,Tejasswi K,Done
Shraddha Rautt,919689685659,shraddharaut0460@gmail.com,399,Jun 25 2026,Jul 26 2026,1 Month,Expired,Tejasswi K,Done
Rasika Mahadik,919137590449,rasikamahadik40@gmail.com,399,Jun 25 2026,Jul 26 2026,1 Month,Expired,Tejasswi K,Done
Manali Mahajan,919665111028,s.manalee@gmail.com,399,Jun 25 2026,Jul 26 2026,1 Month,Expired,Tejasswi K,Done
Nilima Pokharkar,917387868542,nspofficial89@gmail.com,399,Jun 25 2026,Jul 26 2026,1 Month,Expired,Tejasswi K,Done
Tejasa Joshi,918390545656,tejasa27j@gmail.com,399,Jun 02 2026,Jul 03 2026,1 Month,Expired,Ragini K,Done
Yogita Sutar,919766186876,yogitasutar3491@gmail.com,399,Jun 02 2026,Jul 03 2026,1 Month,Expired,Ragini K,Done
Poonam Patil,919920381319,poonamp.official@gmail.com,399,Jun 02 2026,Jul 03 2026,1 Month,Expired,Ragini K,Done
Darshana Dinesh,919850334163,darshana.nevase@gmail.com,399,Jun 02 2026,Jul 03 2026,1 Month,Expired,Ragini K,Done
Nutan Kale,919833289987,nutankale29@gmail.com,399,Jun 02 2026,Jul 03 2026,1 Month,Expired,Ragini K,Done
Tejal Sathe,917045488107,tejalupasham@gmail.com,399,Jun 02 2026,Jul 03 2026,1 Month,Expired,Ragini K,Done
Janhavi Mhatre,917841094233,janhavimhatre0007@gmail.com,399,Jun 02 2026,Jul 03 2026,1 Month,Expired,Ragini K,Done
Akshaya Patil,918108228769,akshayapatil540@gmail.com,399,Jun 02 2026,Jul 03 2026,1 Month,Expired,Ragini K,Done
Pratiksha Kengale,918208958362,pratikshakengale123@gmail.com,399,Jun 02 2026,Jul 03 2026,1 Month,Expired,Ragini K,Done
Sarika Pakhale,918087992421,sarikapakhale92@gmail.com,399,Jun 02 2026,Jul 03 2026,1 Month,Expired,Ragini K,Done
Trupti Salunke,919769227125,truptiute@gmail.com,399,Jun 03 2026,Jul 04 2026,1 Month,Expired,Ragini K,Done
Namrata Udapure,917507211068,namrataudapure31@gmail.com,399,Jun 03 2026,Jul 04 2026,1 Month,Expired,Ragini K,Done
Shalaka Yawalkar,917887595510,Shalakayawalkar11@gmail.com,399,Jun 03 2026,Jul 04 2026,1 Month,Expired,Ragini K,Done
Mayuri Alhat,917620811775,mayurianil25@gmail.com,399,Jun 03 2026,Jul 04 2026,1 Month,Expired,Ragini K,Done
Jayashri Chavan,919112499864,jaya.chavan1990@gmail.com,399,Jun 03 2026,Jul 04 2026,1 Month,Expired,Ragini K,Done
Bhavana Salgaonkar,919004629938,bhavanasanjaysalgaonkar1236@gmail.com,399,Jun 03 2026,Jul 04 2026,1 Month,Expired,Ragini K,Done
Krutika Telavane,917506176410,krutikatelavane890@gmail.com,399,Jun 03 2026,Jul 04 2026,1 Month,Expired,Ragini K,Done
Amit Dagade,919892711904,dagadeamit05@gmail.com,399,Jun 03 2026,Jul 04 2026,1 Month,Expired,Ragini K,Done
Shivaranjani Diwate,917385904935,diwateshivaranjani10@gmail.com,399,Jun 03 2026,Jul 04 2026,1 Month,Expired,Ragini K,Done
Shubhada Pol,918425078470,shubhadapol@gmail.com,399,Jun 03 2026,Jul 04 2026,1 Month,Expired,Ragini K,Done
Pramod Nimbalkar,919423240013,nimbalkar_pramod@yahoo.co.in,399,Jun 04 2026,Jul 05 2026,1 Month,Expired,Ragini K,Done
Chaitrali Jadhav,918999941462,chaitarlibj09@gmail.com,399,Jun 04 2026,Jul 05 2026,1 Month,Expired,Ragini K,Done
Vaishnavi Matkar,918655430863,vaishnavi.gujarathi9@gmail.com,399,Jun 04 2026,Jul 05 2026,1 Month,Expired,Ragini K,Done
Bhakti Pargaonkar,918421830879,bmpargaonkar2288@gmail.com,399,Jun 04 2026,Jul 05 2026,1 Month,Expired,Ragini K,Done
Sayali Pharande,919975823488,sayali.k1212@gmail.com,399,Jun 05 2026,Jul 06 2026,1 Month,Expired,Ragini K,Done
Vandana Damle,918805427060,vandanadamle29218@gmail.com,399,Jun 05 2026,Jul 06 2026,1 Month,Expired,Ragini K,Done
Pallavi Naik Naik,919664269296,pallavikauche@gmail.com,399,Jun 05 2026,Jul 06 2026,1 Month,Expired,Ragini K,Done
Purva kiran Adekar,918452910544,purvakadekar@gmail.com,399,Jun 05 2026,Jul 06 2026,1 Month,Expired,Ragini K,Done
Mahesh Govardhan,919822864648,Mahesh.govardhan@gmail.com,399,Jun 05 2026,Jul 06 2026,1 Month,Expired,Ragini K,Done
Swati Palav,919821184096,swatibhogle79@gmail.com,399,Jun 05 2026,Jul 06 2026,1 Month,Expired,Ragini K,Done
Pallavi Kadam,919545530938,kadampallavi589@gmail.com,399,Jun 05 2026,Jul 06 2026,1 Month,Expired,Ragini K,Done
Shraddha Nimbalkar,919284836891,shraddha.s.nimbalkar1622@gmail.com,399,Jun 05 2026,Jul 06 2026,1 Month,Expired,Ragini K,Done
Vibhavari Mehra,919028571260,Vibhavarimehra2@gmail.com,399,Jun 05 2026,Jul 06 2026,1 Month,Expired,Ragini K,Done
Bhagyashree Satve,919028391040,Bhagyashreeb22@gmail.com,399,Jun 05 2026,Jul 06 2026,1 Month,Expired,Ragini K,Done
Dhanshri Hydrabade,918530417374,hydrabadedhanshri23@gmail.com,399,Jun 06 2026,Jul 07 2026,1 Month,Expired,Ragini K,Done
Sunita Mahadik,919029317787,sunitasmahadik@gmail.com,399,Jun 06 2026,Jul 07 2026,1 Month,Expired,Ragini K,Done
Sakshi Shinde,918600801176,sakshishinde28@gmail.com,399,Jun 06 2026,Jul 07 2026,1 Month,Expired,Ragini K,Done
Shraddha Karpe,918669768032,Shraddhakarpe4838@gmail.com,399,Jun 06 2026,Jul 07 2026,1 Month,Expired,Ragini K,Done
nilima ladekar,919594761617,ladekarn@gmail.com,399,Jun 06 2026,Jul 07 2026,1 Month,Expired,Ragini K,Done
Anita Rathore,919762363038,rathoreanita9860@gmail.com,399,Jun 06 2026,Jul 07 2026,1 Month,Expired,Ragini K,Done
Vishakha Kadam,919028259669,vishakhakadam953@gmail.com,399,Jun 06 2026,Jul 07 2026,1 Month,Expired,Ragini K,Done
Sarika Salunkhe,919892149018,sarikasalunkhe2104@gmail.com,399,Jun 06 2026,Jul 07 2026,1 Month,Expired,Ragini K,Done
sampada patne,919820687502,sampadaatharva@gmail.com,399,Jun 07 2026,Jul 08 2026,1 Month,Expired,Ragini K,Done
Monica Deshmukh,919307189017,monicadeshmukh14@gmail.com,399,Jun 07 2026,Jul 08 2026,1 Month,Expired,Ragini K,Done
Kajal Deshmukh,917261963234,vablekajal@gmail.com,399,Jun 07 2026,Jul 08 2026,1 Month,Expired,Ragini K,Done
Mrs.Urmi Mahesh Godse,919766834271,urviatre@gmail.com,399,Jun 07 2026,Jul 08 2026,1 Month,Expired,Ragini K,Done
Swapna Nk,919922997224,swapna1203@icloud.com,399,Jun 07 2026,Jul 08 2026,1 Month,Expired,Ragini K,Done
Priti Solaskar,919356184965,priti.dhamal96@gmail.com,399,Jun 07 2026,Jul 08 2026,1 Month,Expired,Ragini K,Done
Rohini Chaudhari,919511761939,rohinischaudhari99@gmail.com,399,Jun 07 2026,Jul 08 2026,1 Month,Expired,Ragini K,Done
Anjali Singar,919307822001,anjalisingar88@gmail.com,399,Jun 07 2026,Jul 08 2026,1 Month,Expired,Ragini K,Done
Nandini Navsupe,919067264467,nandininavsupe34290@gmail.com,399,Jun 07 2026,Jul 08 2026,1 Month,Expired,Ragini K,Done
priyanka Nirali,919890990083,priyanirali24@gmail.com,399,Jun 07 2026,Jul 08 2026,1 Month,Expired,Ragini K,Done
U Bhagwat,919902117906,urvibhagwat@gmail.com,399,Jun 07 2026,Jul 08 2026,1 Month,Expired,Ragini K,Done
Bineeta Jaadhav,919637489133,billeybeautyparl@yahoo.com,399,Jun 08 2026,Jul 09 2026,1 Month,Expired,Ragini K,Done
Sunita Dhawale,918286751977,sunitatukaramkhade@gmail.com,399,Jun 08 2026,Jul 09 2026,1 Month,Expired,Ragini K,Done
Shital Zimal,917397967438,shitalkolekar62@gmail.com,399,Jun 08 2026,Jul 09 2026,1 Month,Expired,Ragini K,Done
Vanita Kale,919730609444,kalevanita@gmail.com,399,Jun 08 2026,Jul 09 2026,1 Month,Expired,Ragini K,Done
Anuja Wankhede,919096045618,wankhedeanuja@gmail.com,399,Jun 08 2026,Jul 09 2026,1 Month,Expired,Ragini K,Done
Shravani Mhatre,919321657590,mhatreshravani82@gmail.com,399,Jun 08 2026,Jul 09 2026,1 Month,Expired,Ragini K,Done
Shamla Shinde,917020468955,shmlashinde1989@gmail.com,399,Jun 08 2026,Jul 09 2026,1 Month,Expired,Ragini K,Done
DHANASHREE Khakale,919307393964,dhanashrikhakale@gmail.com,399,Jun 08 2026,Jul 09 2026,1 Month,Expired,Ragini K,Done
Snehal Shinde,918788967806,Shndsnehal@gmail.com,399,Jun 08 2026,Jul 09 2026,1 Month,Expired,Ragini K,Done
Priyanka Sameer Sandim,917021169446,sawant.priyanka1987@gmail.com,399,Jun 08 2026,Jul 09 2026,1 Month,Expired,Ragini K,Done
Ankita Navle,918097519575,ankitawandhekar1995@gmail.com,399,Jun 08 2026,Jul 09 2026,1 Month,Expired,Ragini K,Done
Vasundhara Nirale,917022330044,vasundhara0211@gmail.com,399,Jun 08 2026,Jul 09 2026,1 Month,Expired,Ragini K,Done
Bhagyashri Dhoot,919422230124,bhagyashridhoot3344@gmail.com,399,Jun 08 2026,Jul 09 2026,1 Month,Expired,Ragini K,Done
Bilwa Dalvi,919552814814,puppal.bilwa@gmail.com,399,Jun 08 2026,Jul 09 2026,1 Month,Expired,Ragini K,Done
Bapu Phadke,919767164040,bphadke40@gmail.com,399,Jun 08 2026,Jul 09 2026,1 Month,Expired,Ragini K,Done
Prajakta Magar-Chavan,919422150111,prajumagar91@gmail.com,399,Jun 08 2026,Jul 09 2026,1 Month,Expired,Ragini K,Done
Uma Vete,918208585527,umavete@gmail.com,399,Jun 09 2026,Jul 10 2026,1 Month,Expired,Ragini K,Done
Sonal kakare,919011800039,sonalkakare20@gmail.com,399,Jun 09 2026,Jul 10 2026,1 Month,Expired,Ragini K,Done
Mahima dande,919075804678,mahimadande20@gmail.com,399,Jun 09 2026,Jul 10 2026,1 Month,Expired,Ragini K,Done
Ravi Mane,919594435656,ravi.mane687@gmail.com,399,Jun 09 2026,Jul 10 2026,1 Month,Expired,Ragini K,Done
Smithh Howal,919930168645,smithhhowal34@gmail.com,399,Jun 09 2026,Jul 10 2026,1 Month,Expired,Ragini K,Done
Vrushali Chanakhekar,917758615733,vrushalichanakhekar2309@gmail.com,399,Jun 09 2026,Jul 10 2026,1 Month,Expired,Ragini K,Done
Shubhangi Mhaske,917972004609,shubhamhaske05@gmail.com,399,Jun 09 2026,Jul 10 2026,1 Month,Expired,Ragini K,Done
samiksha Raut,918983352055,samiksha2728@gmail.com,399,Jun 09 2026,Jul 10 2026,1 Month,Expired,Ragini K,Done
Rohit Kute,919356702640,rohitkute2197@gmail.com,399,Jun 09 2026,Jul 10 2026,1 Month,Expired,Ragini K,Done
Tanvi Ingale,917977528478,tanviutekar@yahoo.co.in,399,Jun 09 2026,Jul 10 2026,1 Month,Expired,Ragini K,Done
Sayali More,919833787597,sayali.more115@gmail.com,399,Jun 09 2026,Jul 10 2026,1 Month,Expired,Ragini K,Done
Chetana Patil,919892716438,chetanap5070@gmail.com,399,Jun 09 2026,Jul 10 2026,1 Month,Expired,Ragini K,Done
Siddhiee Dandnaik,919765553911,siddhiedandnaik@gmail.com,399,Jun 10 2026,Jul 11 2026,1 Month,Expired,Ragini K,Done
Priyanka Jadhav,917620575343,jadhavpriyanka9146@gmail.com,399,Jun 10 2026,Jul 11 2026,1 Month,Expired,Ragini K,Done
Poonam Kad,917709977476,poonamtakawale02@gmail.com,399,Jun 10 2026,Jul 11 2026,1 Month,Expired,Ragini K,Done
Jagruti Chavan,919167329750,Jagrutiparab1993@gmail.com,399,Jun 10 2026,Jul 11 2026,1 Month,Expired,Ragini K,Done
Deepika erande,918424004470,deepikanighot@gmail.com,399,Jun 10 2026,Jul 11 2026,1 Month,Expired,Ragini K,Done
Chaitali Awate,919359197846,Chaitaliawate223@gmail.com,399,Jun 10 2026,Jul 11 2026,1 Month,Expired,Ragini K,Done
Dhanashri Rangankar,917972453203,dhanashri22rangankar@gmail.com,399,Jun 10 2026,Jul 11 2026,1 Month,Expired,Ragini K,Done
Trupti Pandit,919119473129,truptipandit2203@gmail.com,399,Jun 10 2026,Jul 11 2026,1 Month,Expired,Ragini K,Done
Janhavi Manore,919022467104,manorejanhavi91@gmail.com,399,Jun 10 2026,Jul 11 2026,1 Month,Expired,Ragini K,Done
shweta salvi,918291592336,salvishweta2710@gmail.com,399,Jun 10 2026,Jul 11 2026,1 Month,Expired,Ragini K,Done
Sunita Gawale,919604023715,madhuri.mahajan2013@gmail.com,399,Jun 10 2026,Jul 11 2026,1 Month,Expired,Ragini K,Done
Pallavi Sawant,919987424734,pallavi.magam@gmail.com,399,Jun 10 2026,Jul 11 2026,1 Month,Expired,Ragini K,Done
Sunita Gawale,919604023715,lokeshgawale1996@gmail.com,399,Jun 10 2026,Jul 11 2026,1 Month,Expired,Ragini K,Done
PRACHI KULKARNI,918356967458,prachikulkarni2106@gmail.com,399,Jun 10 2026,Jul 11 2026,1 Month,Expired,Ragini K,Done
Sayali Meshram,917057106853,meshramsayali11@gmail.com,399,Jun 11 2026,Jul 12 2026,1 Month,Expired,Ragini K,Done
Sarika Deokar,917875774011,sarikadeokar85@gmail.com,399,Jun 11 2026,Jul 12 2026,1 Month,Expired,Ragini K,Done
Payal Gajbhiye,919604173651,payalgajbhiye44@gmail.com,399,Jun 11 2026,Jul 12 2026,1 Month,Expired,Ragini K,Done
Shweta Chavan,918855934552,shwetac1141@gmail.com,399,Jun 11 2026,Jul 12 2026,1 Month,Expired,Ragini K,Done
Tanuja Rajpure,919657280366,tdkamthe@gmail.com,399,Jun 11 2026,Jul 12 2026,1 Month,Expired,Ragini K,Done
Sidhali Parsekar,919767578440,parsekar.sidhali@gmail.com,399,Jun 11 2026,Jul 12 2026,1 Month,Expired,Ragini K,Done
Pradnya Sankpal,919130064832,pradnyaniket224@gmail.com,399,Jun 11 2026,Jul 12 2026,1 Month,Expired,Ragini K,Done
Dhanashri Bankar,917038426561,dhanashribankar5@gmail.com,399,Jun 11 2026,Jul 12 2026,1 Month,Expired,Ragini K,Done
Sudhir Shirodkar,919511887913,ssudhirshirodkar@gmail.com,399,Jun 11 2026,Jul 12 2026,1 Month,Expired,Ragini K,Done
SAKSHI DALVI,919004484286,UMESHDALVI@GMAIL.COM,399,Jun 12 2026,Jul 13 2026,1 Month,Expired,Ragini K,Done
Jyoti Sonavane,919665038388,Jyoti.sonavane09@gmail.com,399,Jun 12 2026,Jul 13 2026,1 Month,Expired,Ragini K,Done
Ankita Mhetre,918976648702,shelarankita16@gmail.com,399,Jun 12 2026,Jul 13 2026,1 Month,Expired,Ragini K,Done
Prerana Latne,919881238230,dr.drprerana4u@gmail.com,399,Jun 12 2026,Jul 13 2026,1 Month,Expired,Ragini K,Done
Namrata Shinde,919372374001,namrata.shinde2007@gmail.com,399,Jun 12 2026,Jul 13 2026,1 Month,Expired,Ragini K,Done
Reshma Gogawale,919604726502,gogawalereshma@gmail.com,399,Jun 12 2026,Jul 13 2026,1 Month,Expired,Ragini K,Done
Santosh bharadiya,919765730888,bharadiya.santosh77@gmail.com,399,Jun 13 2026,Jul 14 2026,1 Month,Expired,Ragini K,Done
Shweta Admane,919373303977,shwetaadmane1899@gmail.com,399,Jun 13 2026,Jul 14 2026,1 Month,Expired,Ragini K,Done
Shraddha Murudkar,919833879082,shraddha14feb@gmail.com,399,Jun 13 2026,Jul 14 2026,1 Month,Expired,Ragini K,Done
Megha Patil,918097627303,megha7794@gmail.com,399,Jun 13 2026,Jul 14 2026,1 Month,Expired,Ragini K,Done
Smita Gamane,918668303007,smitagamane003@gmail.com,399,Jun 13 2026,Jul 14 2026,1 Month,Expired,Ragini K,Done
siddhiraj patil,919975050560,patilsid5256@gmail.com,399,Jun 13 2026,Jul 14 2026,1 Month,Expired,Ragini K,Done
Devi Jadhav,919309346927,devijadhav09@gmail.com,399,Jun 13 2026,Jul 14 2026,1 Month,Expired,Ragini K,Done
Vedhika Shilwnt,918390955576,VedhikaShilwnt@gmail.com,399,Jun 13 2026,Jul 14 2026,1 Month,Expired,Ragini K,Done
Ankita Patil,919112616240,ap5650927@gmail.com,399,Jun 14 2026,Jul 15 2026,1 Month,Expired,Ragini K,Done
Priya Gadre,917745844843,Priyagadre82@gmail.com,399,Jun 14 2026,Jul 15 2026,1 Month,Expired,Ragini K,Done
Sonal Meshram,917020294098,sonalmotghare302@gmail.com,399,Jun 14 2026,Jul 15 2026,1 Month,Expired,Ragini K,Done
Megha Randive,919175357419,meghalondhe84@gmail.com,399,Jun 14 2026,Jul 15 2026,1 Month,Expired,Ragini K,Done
Niti Sawant,919821386486,sawantniti88@gmail.com,399,Jun 14 2026,Jul 15 2026,1 Month,Expired,Ragini K,Done
Pragati Lobhe,919860356706,lobhepragati55@gmail.com,399,Jun 14 2026,Jul 15 2026,1 Month,Expired,Ragini K,Done
Deepika Rane,919870436710,deepika.rane87@gmail.com,399,Jun 14 2026,Jul 15 2026,1 Month,Expired,Ragini K,Done
Aaditi Kore,918600494501,saraswatikore11@gmail.com,399,Jun 14 2026,Jul 15 2026,1 Month,Expired,Ragini K,Done
Tejashri Sathe,919146995387,tejashreesathe2196@gmail.com,399,Jun 14 2026,Jul 15 2026,1 Month,Expired,Ragini K,Done
Punam Bhuvad,917756825851,bhuvadpunam202@gmail.com,399,Jun 14 2026,Jul 15 2026,1 Month,Expired,Ragini K,Done
Samruddhi Shinde,917888011922,samruddhiwaman1@gmail.com,399,Jun 14 2026,Jul 15 2026,1 Month,Expired,Ragini K,Done
Anita zambare,919011263955,anitachavanzambare6481@gmail.com,399,Jun 14 2026,Jul 15 2026,1 Month,Expired,Ragini K,Done
Neelam More,919820022087,neelamm3232@gmail.com,399,Jun 25 2026,Jul 26 2026,1 Month,Expired,Tejasswi K,Done
Yogita Shinde,919405230400,yogitashinde217@gmail.com,399,Jun 25 2026,Jul 26 2026,1 Month,Expired,Tejasswi K,Done
Divya Gavali,918080606479,divyagavali3@gmail.com,399,Jun 25 2026,Jul 26 2026,1 Month,Expired,Tejasswi K,Done
Shraddha Rautt,919689685659,shraddharaut0460@gmail.com,399,Jun 25 2026,Jul 26 2026,1 Month,Expired,Tejasswi K,Done
Rasika Mahadik,919137590449,rasikamahadik40@gmail.com,399,Jun 25 2026,Jul 26 2026,1 Month,Expired,Tejasswi K,Done
Manali Mahajan,919665111028,s.manalee@gmail.com,399,Jun 25 2026,Jul 26 2026,1 Month,Expired,Tejasswi K,Done
Nilima Pokharkar,917387868542,nspofficial89@gmail.com,399,Jun 25 2026,Jul 26 2026,1 Month,Expired,Tejasswi K,Done
Priyanka Patil,919834121650,priyankapatil16082000@gmail.com,399,Jun 25 2026,Jul 26 2026,1 Month,Expired,Tejasswi K,Done
Maya Sanvi,919321779690,mayasanvi10@gmail.com,399,Jun 25 2026,Jul 26 2026,1 Month,Expired,Tejasswi K,Done
Dhanashri Rathi,919422635017,bhutadadk90@gmail.com,399,Jun 25 2026,Jul 26 2026,1 Month,Expired,Tejasswi K,Done
Monali Amit Sathe,918591665743,monali_sathe@yahoo.com,399,Jun 26 2026,Jul 27 2026,1 Month,Expired,Tejasswi K,Done
Nikita Damle Damle,919320057223,nikitadamle1@gmail.com,399,Jun 26 2026,Jul 27 2026,1 Month,Expired,Tejasswi K,Done
Prajakta Bandgar,919284384840,prajaktahonmane897@gmail.com,399,Jun 26 2026,Jul 27 2026,1 Month,Expired,Tejasswi K,Done
Vrushali Dhumak,919082330667,vaishalidhum0667@gmail.com,399,Jun 26 2026,Jul 27 2026,1 Month,Expired,Tejasswi K,Done
Madhavi Padvi,917588737514,padvimadhavi4@gmail.com,399,Jun 27 2026,Jul 28 2026,1 Month,Expired,Tejasswi K,Done
Mukta Navele,917798918153,navelemukta@gmail.com,399,Jun 27 2026,Jul 28 2026,1 Month,Expired,Tejasswi K,Done
Geeta THAKARE,917507925197,geetathakre787@gmail.com,399,Jun 27 2026,Jul 28 2026,1 Month,Expired,Tejasswi K,Done
Shamika Parab,919136257103,shamikaparab97@gmail.com,399,Jun 27 2026,Jul 28 2026,1 Month,Expired,Tejasswi K,Done
Rujuta Nimbalkar,919920662201,rujutabhalerao9@gmail.com,399,Jun 27 2026,Jul 28 2026,1 Month,Expired,Tejasswi K,Done
Purva Tikam,919323113073,purvantikam@gmail.com,399,Jun 27 2026,Jul 28 2026,1 Month,Expired,Tejasswi K,Done
Vaishnavi Shirke,917030822197,vaish.sau3@gmail.com,399,Jun 28 2026,Jul 29 2026,1 Month,Expired,Tejasswi K,Done
Minakshi Sakhare,919773624058,msakharem@gmail.com,399,Jun 28 2026,Jul 29 2026,1 Month,Expired,Tejasswi K,Done
Varsha Sarade,919404661238,varshavijaykumars@gmail.com,399,Jun 28 2026,Jul 29 2026,1 Month,Expired,Tejasswi K,Done
Shubh Hanamghar,919623002075,hanamgharshubh5398@gmail.com,399,Jun 28 2026,Jul 29 2026,1 Month,Expired,Tejasswi K,Done
Tejaswini Patil,919773575747,Tejaswini9333@gmail.com,399,Jun 28 2026,Jul 29 2026,1 Month,Expired,Tejasswi K,Done
Madhura Mahendra Joshi,919987542281,Mahendramadhura@gmail.com,399,Jun 28 2026,Jul 29 2026,1 Month,Expired,Tejasswi K,Done
Snehal Birajdar,919890341455,slbirajdar@gmail.com,399,Jun 28 2026,Jul 29 2026,1 Month,Expired,Tejasswi K,Done
Rupali Gargote,919822413802,rupali405@gmail.com,399,Jun 28 2026,Jul 29 2026,1 Month,Expired,Tejasswi K,Done
Nehal Sarmmalkar,919115733112,nehal.sarmalkar@gmail.com,399,Jun 28 2026,Jul 29 2026,1 Month,Expired,Tejasswi K,Done
Vishakha Madane,919820953002,madanevishakha@gmail.com,399,Jun 29 2026,Jul 30 2026,1 Month,Expired,Tejasswi K,Done
Tejashri Mohite,919821869976,mohitetejashri03@gmail.com,399,Jun 29 2026,Jul 30 2026,1 Month,Expired,Tejasswi K,Done
Deepali Pathak,919404212169,Deepalippathak@yahoo.com,399,Jun 29 2026,Jul 30 2026,1 Month,Expired,Tejasswi K,Done
Gauri Dhore,919623762003,gauridhore007@gmail.com,399,Jun 29 2026,Jul 30 2026,1 Month,Expired,Tejasswi K,Done
Ankita Pingale,917083848475,ankita838325@gmail.com,399,Jun 29 2026,Jul 30 2026,1 Month,Expired,Tejasswi K,Done
Nikita hande,919767985738,nikitahande1198@gmail.com,399,Jun 29 2026,Jul 30 2026,1 Month,Expired,Tejasswi K,Done
Shraddha Wagh,918879280424,shraddhamisal@ymail.com,399,Jun 30 2026,Jul 31 2026,1 Month,Expired,Tejasswi K,Done
Siddhi Wable,919322978200,wablesiddhi1@gmail.com,399,Jun 30 2026,Jul 31 2026,1 Month,Expired,Tejasswi K,Done
Namrata Patil,919036892369,sambarekarnamrata@gmail.com,399,Jun 30 2026,Jul 31 2026,1 Month,Expired,Tejasswi K,Done
Tejashree Kobnak,919773762233,tejashreedudhe@gmail.com,399,Jun 30 2026,Jul 31 2026,1 Month,Expired,Tejasswi K,Done
Mayu A,917709694496,adhatemayu@gmail.com,399,Jun 30 2026,Jul 31 2026,1 Month,Expired,Tejasswi K,Done
Gargi Charkari,919307943565,gargicharkari73@gmail.com,399,Jun 30 2026,Jul 31 2026,1 Month,Expired,Tejasswi K,Done
Preeti Kadam,918007667873,preetikadam891@gmail.com,399,Jun 30 2026,Jul 31 2026,1 Month,Expired,Tejasswi K,Done
Tejashree Deshmukh,918796014192,tejashreeg96@gmail.com,399,Jun 30 2026,Jul 31 2026,1 Month,Expired,Tejasswi K,Done
Shama Sathe,919819168443,shama.sathe@gmail.com,399,Jun 30 2026,Jul 31 2026,1 Month,Expired,Tejasswi K,Done
Shilpa Misal,918698330430,shilpaymisal@gmail.com,399,Jun 30 2026,Jul 31 2026,1 Month,Expired,Tejasswi K,Done
Divya Khandve,919922261074,divyakhandve999@gmail.com,399,Jun 30 2026,Jul 31 2026,1 Month,Expired,Tejasswi K,Done
Pranali Kadam,918788812044,pranalikadam2011@gmail.com,399,Jun 30 2026,Jul 31 2026,1 Month,Expired,Tejasswi K,Done
Gitanjali Shivarkar,917020240868,shivarkargeetanjali@gmail.com,399,Jun 30 2026,Jul 31 2026,1 Month,Expired,Tejasswi K,Done
Nilganga Vyavahare,919422024648,nilgangavyavahare@gmail.com,399,Jun 30 2026,Jul 31 2026,1 Month,Expired,Tejasswi K,Done
Sanjyot Rodriques,919421207700,sanjyotrodriques@gmail.com,399,Jun 30 2026,Jul 31 2026,1 Month,Expired,Tejasswi K,Done
Shilpa garade,917057745649,garadeshilpa@gmail.com,399,Jun 30 2026,Jul 31 2026,1 Month,Expired,Tejasswi K,Done
Shivani Lindo,919769914346,swatprit@gmail.com,399,Jun 30 2026,Jul 31 2026,1 Month,Expired,Tejasswi K,Done
Deepika Patil,918928602249,patildeepika31@gmail.com,399,Jul 01 2026,Aug 01 2026,1 Month,Expired,Tejasswi K,Done
Siddhi Pathare,919324385119,siddhidarshanpathare@gmail.com,399,Jul 01 2026,Aug 01 2026,1 Month,Expired,Tejasswi K,Done
Madhura Rothe,919049086909,madhura.patkar5@gmail.com,399,Jul 01 2026,Aug 01 2026,1 Month,Expired,Tejasswi K,Done
Kavita Surase,918452919293,kavitasurase@gmail.com,399,Jul 01 2026,Aug 01 2026,1 Month,Expired,Tejasswi K,Done
Shravani Rudre,919987543578,arshravani@yahoo.com,399,Jul 01 2026,Aug 01 2026,1 Month,Expired,Tejasswi K,Done
Sakshi Naik,917700034352,sakshi.s2023@icloud.com,399,Jul 01 2026,Aug 01 2026,1 Month,Expired,Tejasswi K,Done
Varsha Bajirao Tidar,917620499399,bajiraotidar2@gmail.com,399,Jul 01 2026,Aug 01 2026,1 Month,Expired,Tejasswi K,Done
Komal Dudam,919987894262,komalnaik0702@gmail.com,399,Jul 01 2026,Aug 01 2026,1 Month,Expired,Tejasswi K,Done
Priyanka Talekar,919969899778,priyanka.nevarekar94@gmail.com,399,Jul 01 2026,Aug 01 2026,1 Month,Expired,Tejasswi K,Done
BHAGYASHRI GUJJANWAR,917972587098,disha2520b@gmail.com,399,Jul 01 2026,Aug 01 2026,1 Month,Expired,Tejasswi K,Done
Snehal Dhavalikar,918421508125,snehaldhavalikar51775@gmail.com,399,Jul 01 2026,Aug 01 2026,1 Month,Expired,Tejasswi K,Done
Jyoti B,917387847631,Jyoiep@gmail.com,399,Jul 01 2026,Aug 01 2026,1 Month,Expired,Tejasswi K,Done
Swati Chougule,919146168349,swati.smart@gmail.com,399,Jul 01 2026,Aug 01 2026,1 Month,Expired,Tejasswi K,Done
Ashwini Pawar,919420385490,ashwinichougule2012@gmail.com,399,Jul 01 2026,Aug 01 2026,1 Month,Expired,Tejasswi K,Done
sanika Surve,919867645667,sattudeep702@gmail.com,399,Jul 01 2026,Aug 01 2026,1 Month,Expired,Tejasswi K,Done
Kshama Chavan,919152897997,acharekarkshama.22@gmail.com,399,Jul 01 2026,Aug 01 2026,1 Month,Expired,Tejasswi K,Done
Prajakta Kadam,917400217254,kadamprajakta547@gmail.com,399,Jul 01 2026,Aug 01 2026,1 Month,Expired,Tejasswi K,Done
Lathkar Akanksha,917391909044,lathkarakanksha1999@gmail.com,399,Jul 02 2026,Aug 02 2026,1 Month,Expired,Tejasswi K,Done
Nayana Pathare,917741895801,nayanasantoshpathare2201@gmail.com,399,Jul 02 2026,Aug 02 2026,1 Month,Expired,Tejasswi K,Done
Smita Kakad,919867635755,Simkakad7387@gmail.com,399,Jul 02 2026,Aug 02 2026,1 Month,Expired,Tejasswi K,Done
Nayana Bhanage,917507949353,kirtikb@gmail.com,399,Jul 02 2026,Aug 02 2026,1 Month,Expired,Tejasswi K,Done
Vaishnavi Sonar,919403576655,vaishnavisonar26@gmail.com,399,Jul 02 2026,Aug 02 2026,1 Month,Expired,Tejasswi K,Done
Riya gosavi,917057949745,gosaviriya1212@gmail.com,399,Jul 02 2026,Aug 02 2026,1 Month,Expired,Tejasswi K,Done
Snehal Kalate,917276424721,snehalkajale2001@gmail.com,399,Jul 02 2026,Aug 02 2026,1 Month,Expired,Tejasswi K,Done
Sakshi Nikam,917057929664,sakshinikam430@gmail.com,399,Jul 02 2026,Aug 02 2026,1 Month,Expired,Tejasswi K,Done
Harshada Bhalekar,917498166979,HarshadaKanhurkar2000@gmail.com,399,Jul 02 2026,Aug 02 2026,1 Month,Expired,Tejasswi K,Done
Divya Bavkar,918097706968,divubavkar123@gmail.com,399,Jul 02 2026,Aug 02 2026,1 Month,Expired,Tejasswi K,Done
Amruta Kaldhonkar,919028027850,kaldhonkaramruta1984@gmail.com,399,Jul 03 2026,Aug 03 2026,1 Month,Expired,Tejasswi K,Done
Aarti Jadhav,917620273379,aartijadhav.nso@gmail.com,399,Jul 03 2026,Aug 03 2026,1 Month,Expired,Tejasswi K,Done
Poonam Balsaraf,919011085061,poonam.balsaraf@gmail.com,399,Jul 03 2026,Aug 03 2026,1 Month,Expired,Tejasswi K,Done
Monali Hasabnis,917276082429,rushtomonali@gmail.com,399,Jul 03 2026,Aug 03 2026,1 Month,Expired,Tejasswi K,Done
Rohini Chavan Jadhav,919970938877,drmanishj85@gmail.com,399,Jul 03 2026,Aug 03 2026,1 Month,Expired,Tejasswi K,Done
Smita Dhoble,918108888784,smitadhoble31@gmail.com,399,Jul 03 2026,Aug 03 2026,1 Month,Expired,Tejasswi K,Done
Jyoti Nighojkar,919168114403,nighojkarg88@gmail.com,399,Jul 04 2026,Aug 04 2026,1 Month,Expired,Tejasswi K,Done
Abhilasha Sharma,917499709800,sharma.abhilasha271999@gmail.com,399,Jul 04 2026,Aug 04 2026,1 Month,Expired,Tejasswi K,Done
Aishwarya Padalkar,919307875183,aishwaryapadalkar192@gmail.com,399,Jul 04 2026,Aug 04 2026,1 Month,Expired,Tejasswi K,Done
Netra Dhuri,919930921076,netradhuri@rediffmail.com,399,Jul 05 2026,Aug 05 2026,1 Month,Expired,Tejasswi K,Done
Amruta pritam patil,917083305115,aaspatil99@gmail.com,399,Jul 05 2026,Aug 05 2026,1 Month,Expired,Tejasswi K,Done
Nandita Sawant,917757051361,shraddha.d.kadam15@gmail.com,399,Jul 05 2026,Aug 05 2026,1 Month,Expired,Tejasswi K,Done
Jaya Ambekar,919773609859,jayachavan89@gmail.com,399,Jul 05 2026,Aug 05 2026,1 Month,Expired,Tejasswi K,Done
Surabhi Gurav,918983407348,surabhimehta1711@gmail.com,399,Jul 05 2026,Aug 05 2026,1 Month,Expired,Tejasswi K,Done
Shilpa Mokashi,919820110810,shilpa.mokashi83@gmail.com,399,Jul 05 2026,Aug 05 2026,1 Month,Expired,Tejasswi K,Done
Jui Satardekar,919833078006,juisatardekar@gmail.com,399,Jul 05 2026,Aug 05 2026,1 Month,Expired,Tejasswi K,Done
Aditya Bhosale,919998538616,princebhosale@gmail.com,399,Jul 05 2026,Aug 05 2026,1 Month,Expired,Tejasswi K,Done
Mayuri koli Bendake,917776819418,mayuri5jan@gmail.com,399,Jul 05 2026,Aug 05 2026,1 Month,Expired,Tejasswi K,Done
Snehal SHINDE,918433660966,sshinde010203@gmail.com,399,Jul 05 2026,Aug 05 2026,1 Month,Expired,Tejasswi K,Done
Anuja D,917769966341,anuja7777@gmail.com,399,Jul 05 2026,Aug 05 2026,1 Month,Expired,Tejasswi K,Done
Yamini Patil,917758842766,patilyamini547@gmail.com,399,Jul 06 2026,Aug 06 2026,1 Month,Expired,Tejasswi K,Done
Reshma Ramesh tapkir,917666998359,reshmatapkir2@gmail.com,399,Jul 06 2026,Aug 06 2026,1 Month,Expired,Tejasswi K,Done
Shilpa Gurav,919372864538,shilpagurav1711@gmail.com,399,Jul 06 2026,Aug 06 2026,1 Month,Expired,Tejasswi K,Done
ASHWINI KOKATE,918446955416,ashwinikokate04@gmail.com,399,Jul 06 2026,Aug 06 2026,1 Month,Expired,Tejasswi K,Done
Vaidehi Tamhankar,919867355068,vaidehi.tamhankar@gmail.com,399,Jul 06 2026,Aug 06 2026,1 Month,Expired,Tejasswi K,Done
Shraddha P,917506250472,swa_me22@yahoo.com,399,Jul 06 2026,Aug 06 2026,1 Month,Expired,Tejasswi K,Done
Sunita Prasad Karve,919975006011,suni.raut@gmail.com,399,Jul 06 2026,Aug 06 2026,1 Month,Expired,Tejasswi K,Done
Juili Jaiswal,918879621424,juilisali16@hotmail.com,399,Jul 06 2026,Aug 06 2026,1 Month,Expired,Tejasswi K,Done
Aishwarya Kulkarni,919405429620,aishwaryak493@gmail.com,399,Jul 06 2026,Aug 06 2026,1 Month,Expired,Tejasswi K,Done
Aishwarya Kulkarni,919920532771,Kulaishwarya27@gmail.com,399,Jul 06 2026,Aug 06 2026,1 Month,Expired,Tejasswi K,Done
Pallavi Patil,918446770453,palash1925@gmail.com,399,Jul 06 2026,Aug 06 2026,1 Month,Expired,Tejasswi K,Done
Hemant Lage,18237223244,lagehemant@gmail.com,399,Jul 07 2026,Aug 07 2026,1 Month,Expired,Tejasswi K,Done
Nikita Matsagar,918275927915,nikimatsagar@gmail.com,399,Jul 07 2026,Aug 07 2026,1 Month,Expired,Tejasswi K,Done
Vidya Madgaonkar,918550973078,vidhyamadgaonkar@gmail.com,399,Jul 07 2026,Aug 07 2026,1 Month,Expired,Tejasswi K,Done
Gauri Pratik,919619958597,gaurimay1791@gmail.com,399,Jul 07 2026,Aug 07 2026,1 Month,Expired,Tejasswi K,Done
Pooja More,919579317724,poojamore9860@gmail.com,399,Jul 07 2026,Aug 07 2026,1 Month,Expired,Tejasswi K,Done
Neha Shinde,919762120079,neha.nagothkar14@gmail.com,399,Jul 07 2026,Aug 07 2026,1 Month,Expired,Tejasswi K,Done
Arthha Kadamb,919673357559,artha.kadamb@gmail.com,399,Jul 07 2026,Aug 07 2026,1 Month,Expired,Tejasswi K,Done
Vibhavari Mehra,919028571260,Vibhavarimehra2@gmail.com,399,Jul 07 2026,Aug 07 2026,1 Month,Expired,Tejasswi K,Done
Suvarna Joshi,919527080172,spj24india@gmail.com,399,Jul 07 2026,Aug 07 2026,1 Month,Expired,Tejasswi K,Done
Chandrakant Yeola,919673332574,chandrakant.yeola@gmail.com,399,Jul 07 2026,Aug 07 2026,1 Month,Expired,Tejasswi K,Done
Nikisha Patil,919167107524,nikishapatil14@gmail.com,399,Jul 08 2026,Aug 08 2026,1 Month,Expired,Tejasswi K,Done
Sakshi Salunkhe,919860504803,akshaysalunkhe52941@gmail.com,399,Jul 08 2026,Aug 08 2026,1 Month,Expired,Tejasswi K,Done
Shubham Morbale,919765378450,shubhammorbale44@gmail.com,399,Jul 08 2026,Aug 08 2026,1 Month,Expired,Tejasswi K,Done
Sarika Hande,917387070440,sarikahande8888@gmail.com,399,Jul 08 2026,Aug 08 2026,1 Month,Expired,Tejasswi K,Done
Pranali Babar,918805789162,pranalibabar76@gmail.com,399,Jul 08 2026,Aug 08 2026,1 Month,Expired,Tejasswi K,Done
Jayprakash Tatikondalwar,919175561856,jayprakasht222@gmail.com,399,Jul 08 2026,Aug 08 2026,1 Month,Expired,Tejasswi K,Done
